Id,FirstName,LastName,Age,Address,Email
0,Sandy,Hane,69,3403 Jaime Summit,travon.hagenes@rohanstark.us
0,Opal,Hills,27,85805 Anya Groves,pansy@turcotte.co.uk
0,Tad,Sanford,81,204 Aylin Motorway,theresia.kiehn@dooley.ca
0,Annamae,Zieme,56,046 Price Forges,skyla@fisher.info
0,Ona,Greenholt,44,93703 Giles Drives,ova.carroll@bradtke.co.uk
0,Maxime,Steuber,62,6436 Schaden Place,ena@ziemann.us
0,Sandy,Koss,87,74275 Lebsack Street,burley.frami@bogisich.ca
0,Vivienne,Anderson,68,6552 Willis Well,margarita.toy@block.us
0,Everett,Leannon,44,705 Pacocha Road,travis.cummerata@kilbacknienow.us
0,Oceane,Lesch,71,8587 Braun Burg,dion@dubuque.uk
0,Golda,Wyman,78,5405 Herman Springs,peyton@hettingerkuvalis.ca
0,Aurore,Abshire,23,75231 Edythe Squares,wanda@hoegercollier.name
0,Bethany,Hammes,96,142 McLaughlin Parks,gussie.dubuque@ritchie.info
